type,root_length,root_area,root_length_area_ratio,stem_length,stem_area,stem_length_area_ratio,leaf_length,leaf_area,leaf_length_area_ratio
1,4.327447414398193,2.9719031141868513,1.4561200141906738,4.2019916,0.9854671280276817,4.263959,11.246644973754883,2.365674740484429,4.754096031188965
1,7.405091762542725,2.413840830449827,3.067763090133667,4.359589,0.96,4.541239,7.486559867858887,1.6382006920415224,4.5699896812438965
1,5.424966335296631,3.3838062283737025,1.6032142639160156,4.3195786,1.1421453287197232,3.781987,,,
1,9.251684188842773,12.078062283737024,0.7659907937049866,4.8523836,2.775916955017301,1.748029,10.548837661743164,5.607750865051903,1.881117343902588
1,6.309111595153809,2.470311418685121,2.553974151611328,4.4010043,0.8747404844290657,5.0312114,11.711201667785645,2.3689965397923873,4.943528175354004
1,8.909635543823242,5.94159169550173,1.4995368719100952,4.5027213,1.2357093425605536,3.6438353,8.483294486999512,2.2366782006920416,3.7928097248077393
1,5.41973876953125,6.582698961937716,0.823330819606781,4.775392,2.469757785467128,1.9335467,8.439828872680664,5.585328719723184,1.5110712051391602
1,5.678719520568848,3.6229757785467127,1.5674185752868652,4.9833665,1.4768166089965398,3.3743975,10.121179580688477,2.852871972318339,3.5477161407470703
1,8.028802871704102,4.2341868512110725,1.8961853981018066,4.8931036,1.9526643598615916,2.50586,8.742227554321289,3.152387543252595,2.7732083797454834
1,7.047545433044434,4.630588235294118,1.5219547748565674,5.429537,1.5092041522491348,3.597616,11.627152442932129,4.168858131487889,2.7890496253967285
1,9.013071060180664,4.024913494809689,2.2393205165863037,3.9731467,2.4863667820069204,1.5979729,10.781856536865234,3.2357093425605536,3.332146167755127
1,9.319604873657227,5.441107266435986,1.7128139734268188,4.8189692,1.9078200692041523,2.5259035,9.57131576538086,3.945778546712803,2.4257102012634277
1,5.760983943939209,6.946989619377162,0.829277753829956,4.3387313,0.9954325259515571,4.3586392,10.819321632385254,2.697301038062284,4.011165618896484
0,3.1249334812164307,0.39833910034602077,7.844907760620117,1.5329334,0.3493425605536332,4.388052,0.7941663861274719,0.27283737024221455,2.9107682704925537
1,8.86274528503418,3.5487889273356403,2.4973998069763184,4.0787597,1.1319031141868512,3.603453,10.994552612304688,3.1346712802768164,3.507402181625366
1,6.799542427062988,5.722352941176471,1.1882424354553223,4.3881035,1.2777854671280278,3.4341474,10.627546310424805,3.124705882352941,3.401134967803955
0,3.1249334812164307,0.16581314878892733,18.846113204956055,1.5658641,0.4160553633217993,3.7635956,0.7941663861274719,0.27283737024221455,2.9107682704925537
0,6.837374210357666,0.35764705882352943,19.117658615112305,0.7761147,0.10844290657439447,7.1568966,1.162800908088684,0.25301038062283737,4.59586238861084
0,6.40000057220459,1.0076124567474047,6.351648807525635,1.0487266,0.14103806228373703,7.43577,0.4548919200897217,0.07017301038062283,6.482434272766113
1,8.774430274963379,10.81356401384083,0.8114281296730042,5.1023917,2.419377162629758,2.1089692,9.16154956817627,4.813287197231834,1.903387188911438
0,16.60956382751465,2.0262975778546712,8.197001457214355,1.011578,0.16013840830449827,6.316898,0.8535177707672119,0.2947750865051903,2.8954880237579346
0,7.135185718536377,2.9464359861591696,2.421632766723633,1.2965018,0.36567474048442905,3.5455055,0.5120552778244019,0.08716262975778546,5.874711036682129
0,5.503427982330322,0.9865743944636678,5.578320026397705,1.3453233,0.2885813148788927,4.661852,1.2965021133422852,0.42089965397923873,3.0803115367889404
0,0.5120564103126526,0.06871972318339101,7.4513750076293945,0.8265222,0.11550173010380622,7.1559286,0.9598149061203003,0.18,5.332304954528809
0,13.787717819213867,0.08636678200692041,159.64144897460938,0.9939112,0.1594463667820069,6.233514,0.9620279669761658,0.15889273356401384,6.054574966430664
1,5.122491359710693,3.567612456747405,1.4358317852020264,4.5454836,2.220069204152249,2.0474513,11.225138664245605,3.838615916955017,2.924267292022705
1,9.242026329040527,8.537024221453287,1.082581639289856,4.495791,1.0808304498269896,4.159571,8.881515502929688,2.1151557093425604,4.198988914489746
1,9.631174087524414,6.856193771626297,1.4047406911849976,3.983123,0.9735640138408305,4.09128,10.215957641601562,2.9699653979238754,3.439756393432617
0,8.196000099182129,0.9788235294117648,8.37331771850586,1.0714542,0.17079584775086507,6.2733035,1.2052944898605347,0.43432525951557094,2.7750964164733887
1,9.130867004394531,5.901730103806228,1.5471508502960205,3.4015944,1.0884429065743944,3.125193,9.080358505249023,2.129273356401384,4.264533996582031
1,8.1909818649292,9.81923875432526,0.8341768980026245,5.1273303,2.318615916955017,2.2113755,11.226778984069824,4.391418685121107,2.5565268993377686
1,3.8337204456329346,2.064498269896194,1.856974482536316,3.4721117,0.875847750865052,3.9642868,6.464450836181641,1.5064359861591696,4.291221618652344
1,6.516857147216797,3.9972318339100346,1.6303426027297974,4.492795,1.1543252595155709,3.8921397,9.873868942260742,2.602076124567474,3.794611930847168
0,6.626096248626709,0.16387543252595155,40.433738708496094,0.7309729,0.0758477508650519,9.63737,1.162800908088684,0.2550865051903114,4.558456897735596
1,6.202630996704102,6.935916955017301,0.8942769765853882,4.5715995,2.7645674740484427,1.6536402,9.785700798034668,2.7474048442906573,3.561797857284546
1,8.574442863464355,4.499930795847751,1.905461072921753,3.9921854,0.8603460207612457,4.640209,9.097977638244629,2.24719723183391,4.048588752746582
1,6.847729682922363,6.497439446366782,1.0539120435714722,4.2914343,1.6520415224913494,2.597655,11.05003833770752,3.4469204152249135,3.2057712078094482
0,0.8460131287574768,0.0729757785467128,11.59306812286377,0.8265222,0.1105190311418685,7.478551,0.9598149061203003,0.17356401384083045,5.530034065246582
0,17.126598358154297,2.6131487889273357,6.554008483886719,1.1474637,0.1672318339100346,6.861515,1.1821417808532715,0.3933044982698962,3.0056655406951904
0,16.168304443359375,0.26795847750865054,60.33884048461914,1.1231203,0.2884429065743945,3.8937352,1.1300392150878906,0.2579930795847751,4.380114555358887
1,8.04599666595459,5.5629065743944635,1.4463655948638916,4.0848365,1.065743944636678,3.83285,9.627788543701172,2.5854671280276817,3.7238101959228516
1,3.0515024662017822,0.911280276816609,3.348588228225708,4.0098987,0.8298961937716263,4.8318076,7.396186351776123,1.6453979238754326,4.49507474899292
0,6.904619216918945,2.7172318339100348,2.541049003601074,0.8820987,0.12332179930795847,7.15282,0.7002755999565125,0.20411764705882354,3.4307451248168945
1,6.100682258605957,3.124705882352941,1.952402114868164,3.797878,0.7944636678200692,4.78043,9.354442596435547,2.0977162629757786,4.459345817565918
0,11.340828895568848,1.5944636678200692,7.112628936767578,1.0975909,0.20193771626297577,5.435294,0.8460124135017395,0.3429757785467128,2.4666826725006104
0,4.6354827880859375,0.5337024221453287,8.685519218444824,0.97664905,0.1962629757785467,4.976227,0.4533308446407318,0.10768166089965397,4.209917068481445
1,5.679093360900879,2.395017301038062,2.3712117671966553,2.5091126,0.6831833910034603,3.672678,5.5585222244262695,1.8491349480968857,3.006012201309204
0,12.453667640686035,0.08304498269896193,149.96290588378906,0.58927,0.13889273356401385,4.242626,0.8265212774276733,0.2614532871972318,3.161257743835449
1,11.274649620056152,9.190311418685122,1.226797342300415,5.152286,2.4570242214532874,2.0969617,10.440731048583984,4.247474048442907,2.4581034183502197
0,16.168304443359375,2.1768858131487887,7.427263259887695,1.1231203,0.2826297577854671,3.9738219,1.1300392150878906,0.25384083044982697,4.451763153076172
0,0.8460131287574768,0.0729757785467128,11.59306812286377,0.7761137,0.08788927335640138,8.830585,0.7941650152206421,0.14740484429065745,5.387645244598389
1,10.140766143798828,5.6946712802768165,1.780746579170227,4.865946,3.0222837370242215,1.6100228,7.666053771972656,4.454532871972319,1.7209556102752686
0,5.372066020965576,2.604290657439446,2.062775135040283,0.93513453,0.1310726643598616,7.134474,1.0024305582046509,0.3713494809688581,2.6994261741638184
1,6.169754505157471,4.280692041522491,1.4412983655929565,4.5428314,1.703529411764706,2.6667175,7.81618595123291,2.3399307958477507,3.3403491973876953
0,5.374570846557617,2.686228373702422,2.0007870197296143,0.93513453,0.1346712802768166,6.94383,1.033752679824829,0.3883737024221453,2.661747455596924
0,,,,0.95981526,0.2239446366782007,4.2859488,1.0115784406661987,0.4437370242214533,2.279680013656616
0,10.871138572692871,1.3885121107266436,7.829343795776367,0.89485997,0.19280276816608996,4.641323,1.0115773677825928,0.46484429065743943,2.176163911819458
0,6.384701728820801,1.0341868512110726,6.173644542694092,1.0487266,0.1467128027681661,7.1481595,0.4548919200897217,0.07017301038062283,6.482434272766113
1,5.774867534637451,3.566505190311419,1.6191951036453247,4.5041366,0.9954325259515571,4.524803,10.079925537109375,2.621453287197232,3.8451669216156006
1,5.533605098724365,2.831280276816609,1.9544533491134644,4.352918,1.0693425605536333,4.0706487,9.243866920471191,2.239446366782007,4.12774658203125
0,7.72792387008667,6.845121107266436,1.1289682388305664,0.85351807,0.20622837370242214,4.1387033,0.8535180687904358,0.11058823529411765,7.717982292175293
1,7.350822925567627,5.5252595155709345,1.330403208732605,4.399716,1.7240138408304497,2.552019,6.1623992919921875,3.876955017301038,1.5894947052001953
1,6.473761558532715,2.4991003460207613,2.5904366970062256,3.6924834,0.7901730103806228,4.6730065,10.961761474609375,2.5647058823529414,4.274081230163574
1,3.0009217262268066,4.178269896193772,0.718221127986908,3.7881627,1.4740484429065743,2.5699036,7.14401912689209,2.672387543252595,2.673272132873535
1,5.190517425537109,3.4878892733564015,1.4881542921066284,4.549222,0.9954325259515571,4.5700955,7.610667705535889,2.7269204152249134,2.7909388542175293
1,6.197258949279785,5.124429065743945,1.2093559503555298,4.328758,1.4173010380622837,3.054226,9.550786018371582,3.4247750865051905,2.788733720779419
0,16.60956382751465,2.192387543252595,7.576016426086426,1.011578,0.16228373702422144,6.233391,0.8535177707672119,0.2947750865051903,2.8954880237579346
1,13.565171241760254,7.245951557093425,1.8721034526824951,4.3269553,1.126089965397924,3.84246,8.88932991027832,2.605674740484429,3.411527156829834
1,6.014698505401611,1.8347404844290658,3.278228521347046,3.8440585,0.7872664359861592,4.8827925,5.352374076843262,1.4087889273356402,3.7992732524871826
1,8.742714881896973,6.929273356401384,1.2617073059082031,4.1050835,1.2761245674740485,3.216836,10.590874671936035,3.5853287197231833,2.9539480209350586
1,7.98659086227417,5.30159169550173,1.5064514875411987,6.037864,3.082629757785467,1.9586732,10.893279075622559,3.8289273356401385,2.8449950218200684
1,8.319999694824219,3.195570934256055,2.6036036014556885,3.7272496,0.9356401384083045,3.983636,9.054880142211914,2.1422837370242216,4.226741790771484
1,5.7555694580078125,2.309757785467128,2.491849899291992,4.4990983,1.5739100346020762,2.8585486,8.679177284240723,1.7987543252595155,4.825104236602783
0,12.451106071472168,0.6156401384083044,20.22464942932129,0.5230097,0.11904844290657439,4.393251,0.730973482131958,0.19204152249134948,3.806330442428589
1,5.799602508544922,2.018546712802768,2.873157262802124,0.9620275,0.14948096885813147,6.435786,7.279912948608398,1.677370242214533,4.340075492858887
1,8.060778617858887,6.989065743944637,1.1533414125442505,3.6874907,1.2617301038062283,2.9225671,10.319689750671387,2.5959861591695503,3.975248336791992
1,9.208151817321777,5.527474048442906,1.6658878326416016,3.3524914,1.0757093425605537,3.1165402,9.056366920471191,2.533979238754325,3.5739705562591553
0,16.78032875061035,0.24581314878892735,68.26457214355469,1.2429236,0.291280276816609,4.2671056,0.5350655317306519,0.1311029411764706,4.081262588500977
0,12.756742477416992,0.33217993079584773,38.40311050415039,0.47620204,0.07865051903114187,6.0546584,0.826522171497345,0.20975778546712803,3.9403645992279053
1,7.588100910186768,8.847058823529412,0.8576975464820862,4.483953,1.768304498269896,2.5357358,10.35567855834961,4.157785467128027,2.4906716346740723
1,4.53596305847168,1.3442214532871972,3.3744163513183594,3.5893269,0.8858131487889274,4.0520134,7.294597148895264,1.7195847750865052,4.242068767547607
1,9.28326416015625,9.07515570934256,1.022931694984436,4.515451,1.296885813148789,3.4817643,11.243305206298828,4.091349480968858,2.748067617416382
1,6.666505336761475,4.282906574394464,1.5565376281738281,4.189662,1.1670588235294117,3.5899322,10.008241653442383,3.225467128027682,3.1028811931610107
1,9.790119171142578,5.899515570934256,1.6594784259796143,3.633672,0.9267820069204152,3.9207408,9.503925323486328,2.3216608996539794,4.093588829040527
1,7.215085506439209,6.329134948096886,1.1399797201156616,4.834387,3.603044982698962,1.3417504,11.620264053344727,6.04235294117647,1.92313551902771
0,0.9167654514312744,0.0729757785467128,12.562599182128906,0.21296373,0.021972318339100346,9.692365,0.5558520555496216,0.10342560553633218,5.374414443969727
1,6.403652667999268,7.713217993079585,0.8302180171012878,4.940952,1.1665051903114187,4.2356877,10.414022445678711,2.537301038062284,4.1043701171875
1,9.694025993347168,3.580899653979239,2.7071480751037598,4.059254,1.4521799307958478,2.7952833,7.7848429679870605,2.161384083044983,3.601785898208618
0,11.340828895568848,1.586712802768166,7.147373199462891,1.0975909,0.20193771626297577,5.435294,0.8460124135017395,0.34159169550173013,2.476677417755127
0,6.854039669036865,0.9998615916955017,6.8549885749816895,1.2383536,0.18498269896193772,6.6944294,0.45489129424095154,0.07157439446366783,6.355503082275391
1,4.29704475402832,1.3176470588235294,3.2611498832702637,3.7181118,0.9256747404844291,4.01665,8.330299377441406,2.1500346020761247,3.874495267868042
1,5.562854290008545,1.9078200692041523,2.9158170223236084,3.5336125,0.9480968858131488,3.7270584,3.8263189792633057,0.9212456747404845,4.15341854095459
1,7.793032646179199,2.513494809688581,3.1004769802093506,3.4555416,1.2597923875432526,2.7429452,8.590214729309082,3.9197231833910036,2.1915359497070312
1,7.779016017913818,3.569826989619377,2.1791017055511475,4.562909,1.1510034602076125,3.9642878,8.928783416748047,2.946574394463668,3.0302250385284424
1,7.672708034515381,10.341868512110727,0.7419073581695557,4.7360544,2.318615916955017,2.0426214,11.288907051086426,4.420207612456747,2.553931474685669
1,4.615105152130127,1.6022145328719724,2.8804538249969482,3.5207548,0.7640138408304499,4.6082344,7.689221382141113,1.640553633217993,4.686967372894287
1,7.724623203277588,3.8267128027681663,2.0186054706573486,4.0058317,1.830311418685121,2.1886067,9.786064147949219,3.5714878892733566,2.7400524616241455
0,11.702423095703125,1.5180622837370241,7.708790302276611,0.2740751,0.03259515570934256,8.408462,0.7941653728485107,0.1693771626297578,4.68873929977417
1,6.191768169403076,5.567335640138408,1.112160086631775,4.8764205,2.8722491349480967,1.6977707,11.095220565795898,4.56083044982699,2.4327192306518555
1,4.027355670928955,0.9411764705882353,4.2790656089782715,3.4851494,0.7150173010380623,4.8742166,7.544925689697266,1.5451903114186851,4.882845401763916
0,13.960105895996094,0.737439446366782,18.930511474609375,0.95981526,0.2055363321799308,4.6698084,0.48941200971603394,0.0793598615916955,6.166996955871582
0,5.4831743240356445,0.9970934256055364,5.499157905578613,1.3453233,0.2919031141868512,4.608801,1.0412664413452148,0.3020069204152249,3.4478230476379395
0,15.220030784606934,0.9057439446366782,16.80389976501465,0.88610625,0.17221453287197233,5.145363,1.1628005504608154,0.37346020761245674,3.113586187362671
0,5.388266563415527,2.699515570934256,1.9960124492645264,0.93513453,0.13190311418685122,7.089556,1.0337538719177246,0.35570934256055364,2.9061758518218994
0,16.011734008789062,0.41633217993079585,38.45903396606445,0.62316924,0.11474048442906574,5.4311194,1.4992799758911133,0.6798615916955018,2.2052721977233887
0,18.363624572753906,2.4802768166089963,7.403861045837402,0.4548906,0.07017301038062283,6.4824157,1.5476562976837158,0.3238754325259516,4.778554439544678
1,5.643543720245361,5.570657439446367,1.013084053993225,4.728567,1.9914186851211073,2.3744717,10.035112380981445,3.603044982698962,2.785175323486328
0,3.2055325508117676,0.11986159169550173,26.743616104125977,1.5658641,0.4188235294117647,3.7387204,0.7941663861274719,0.2742214532871972,2.8960769176483154
1,11.766257286071777,7.6002768166089965,1.5481352806091309,5.3783927,3.178961937716263,1.6918707,10.311789512634277,4.726920415224914,2.1815025806427
1,9.172603607177734,6.568304498269896,1.3964948654174805,5.1291275,2.6197923875432525,1.9578373,10.490094184875488,4.803321799307959,2.183924913406372
1,3.592485189437866,1.2024913494809688,2.987534999847412,4.120247,0.8404152249134949,4.902632,8.034360885620117,1.7478200692041523,4.596789360046387
0,6.655335903167725,2.909896193771626,2.2871387004852295,1.3437417,0.315363321799308,4.260932,0.5120552778244019,0.08221453287197232,6.228281497955322
1,7.931745529174805,7.400968858131488,1.0717171430587769,4.5379925,2.0550865051903116,2.2081757,11.724747657775879,4.164429065743945,2.8154513835906982
0,13.162589073181152,0.11294117647058824,116.54375457763672,0.7986147,0.061591695501730104,12.966272,0.4001942276954651,0.07937716262975779,5.041679859161377
1,6.4477667808532715,5.012595155709342,1.2863130569458008,4.0086603,0.9284429065743944,4.3176165,9.78396224975586,2.50961937716263,3.8985838890075684
1,8.971855163574219,5.18643598615917,1.72986900806427,4.4501624,1.453840830449827,3.0609694,10.058249473571777,2.8002768166089966,3.591876983642578
0,,,,0.8265222,0.19629757785467128,4.2105575,0.9766490459442139,0.41242214532871974,2.3680808544158936
1,8.742227554321289,5.631557093425606,1.5523642301559448,4.525483,1.2301730103806228,3.6787372,9.454211235046387,3.2604844290657438,2.8996338844299316
1,8.334381103515625,14.460899653979238,0.576339066028595,4.2874684,1.7278892733564013,2.4813328,11.287214279174805,4.702560553633218,2.4002273082733154
1,7.9657111167907715,4.703667820069204,1.69351065158844,5.08737,1.5197231833910034,3.3475635,9.242027282714844,2.5500346020761246,3.6242754459381104
0,16.651111602783203,0.6798615916955018,24.491912841796875,1.112342,0.17301038062283736,6.429337,0.5856505036354065,0.1715051903114187,3.4147684574127197
0,3.090728282928467,0.14006920415224913,22.065723419189453,2.2744563,0.39474048442906573,5.761903,0.7986146807670593,0.2586159169550173,3.08803391456604
0,15.459744453430176,0.4783391003460208,32.31963348388672,0.63999987,0.11972318339100346,5.3456635,1.4992799758911133,0.6721107266435986,2.230703830718994
1,7.307118892669678,6.150865051903114,1.1879823207855225,4.2835016,1.679446366782007,2.550544,11.062919616699219,3.4350173010380622,3.220629930496216
0,9.6719970703125,1.3757785467128028,7.03019905090332,1.9434782,0.25370242214532873,7.6604633,1.0654847621917725,0.17003460207612456,6.266282081604004
1,4.611111640930176,2.2577162629757788,2.0423789024353027,4.2874684,0.9118339100346021,4.702028,10.662162780761719,2.2416608996539793,4.7563676834106445
1,9.540837287902832,5.246228373702422,1.8186088800430298,3.8631833,1.2664359861591696,3.050437,10.25666332244873,3.4801384083044984,2.947199821472168
0,16.0400333404541,2.1658131487889274,7.406009674072266,1.3811908,0.33449826989619375,4.129142,1.0241109132766724,0.1467128027681661,6.980378150939941
0,11.340828895568848,1.5883737024221454,7.139899730682373,1.0282543,0.21266435986159168,4.8351035,0.8460124135017395,0.34159169550173013,2.476677417755127
1,8.789278984069824,6.30477508650519,1.3940669298171997,4.3240075,1.5385467128027681,2.8104494,11.277164459228516,3.36,3.3562991619110107
0,6.162398815155029,1.016470588235294,6.062545299530029,0.935133,0.31252595155709345,2.992177,0.4292425811290741,0.08929065743944636,4.8072509765625
1,6.070056915283203,6.714463667820069,0.9040270447731018,4.82896,1.3890657439446368,3.4764085,10.144119262695312,3.4004152249134947,2.9832003116607666
1,7.024984836578369,4.75681660899654,1.4768248796463013,3.704937,1.3896193771626297,2.6661525,9.487208366394043,3.9640138408304497,2.393333911895752
1,6.874480724334717,5.642629757785467,1.2183115482330322,2.9127245,1.2924567474048443,2.253634,9.780267715454102,2.9519723183391005,3.3131299018859863
0,10.975910186767578,2.8080276816608998,3.9087612628936768,1.1449904,0.28705882352941176,3.988696,0.911339282989502,0.2826297577854671,3.224498748779297
0,11.474512100219727,1.2196539792387544,9.40800666809082,1.0975909,0.19204152249134948,5.7153835,0.7761144042015076,0.14882352941176472,5.2149977684021
1,7.423442363739014,3.7658131487889275,1.9712721109390259,4.8144093,2.1658131487889274,2.2229106,11.128893852233887,3.898131487889273,2.8549304008483887
1,14.54585075378418,8.647750865051902,1.6820385456085205,4.246114,0.9312110726643599,4.559776,11.026989936828613,2.761522491349481,3.9930834770202637
1,3.50441312789917,0.7152941176470589,4.899261951446533,3.7318096,1.0375086505190312,3.596895,9.993504524230957,2.7582006920415223,3.623197078704834
0,8.687664985656738,0.008304498269896194,1046.1396484375,0.5120559,0.0998961937716263,5.12588,1.0714534521102905,0.28484429065743944,3.7615411281585693
0,11.949368476867676,1.5745328719723184,7.589151382446289,1.0975913,0.2352249134948097,4.6661353,0.8083158731460571,0.21619377162629758,3.73884916305542
1,8.63792896270752,6.324705882352941,1.36574387550354,4.146308,1.4167474048442907,2.9266386,10.438830375671387,4.577439446366782,2.2804956436157227
1,3.0141167640686035,1.5402076124567474,1.956954836845398,3.7543392,1.0452595155709343,3.5917773,3.716395854949951,0.9730103806228374,3.8194823265075684
1,6.726193428039551,4.659377162629758,1.4435820579528809,5.2146263,1.9955709342560555,2.6131,8.113792419433594,3.6665743944636677,2.2129080295562744
0,7.565560340881348,4.313910034602076,1.7537593841552734,0.7002759,0.1736332179930796,4.033076,0.5856505036354065,0.12190311418685121,4.804229259490967
0,7.610015392303467,0.01467128027681661,518.7015380859375,1.2383529,0.20975778546712803,5.903728,1.033752679824829,0.40816608996539794,2.5326766967773438
1,7.028010845184326,3.958477508650519,1.775432825088501,4.2396016,1.0319723183391003,4.1082516,10.657841682434082,2.7537716262975778,3.8702707290649414
0,10.004843711853027,1.4516262975778547,6.892161846160889,1.6603155,0.24249134948096887,6.846906,1.1628001928329468,0.22747404844290658,5.11179256439209
1,3.9263198375701904,1.962076124567474,2.0011048316955566,4.238263,0.9456055363321799,4.482063,9.857563972473145,2.315294117647059,4.2575860023498535
1,6.481529235839844,3.8920415224913496,1.6653289794921875,1.0466958,0.1926643598615917,5.4327426,7.052068710327148,2.0182698961937717,3.4941160678863525
0,1.4663026332855225,0.058823529411764705,24.92714500427246,1.4643687,0.26076124567474046,5.6157455,1.128156304359436,0.5286505190311419,2.134030342102051
1,6.399777889251709,6.922629757785467,0.9244720935821533,4.4687557,1.6741868512110727,2.6692097,8.260848045349121,2.878615916955017,2.8697292804718018
0,,,,0.8265222,0.19629757785467128,4.2105575,0.9766490459442139,0.4074740484429066,2.3968374729156494
0,11.304215431213379,1.508650519031142,7.492931842803955,0.99391145,0.20408304498269897,4.8701324,0.8460124135017395,0.34159169550173013,2.476677417755127
1,5.73978853225708,3.409273356401384,1.6835812330245972,4.3413444,1.0541176470588236,4.1184626,8.237137794494629,1.849688581314879,4.453256607055664
1,6.453479766845703,5.9759169550173015,1.0799145698547363,5.5740523,2.7033910034602076,2.0618742,7.36594295501709,3.6949480968858133,1.993517279624939
1,7.294209003448486,8.209273356401384,0.888532817363739,2.8671145,1.2794463667820068,2.2409024,9.84087085723877,4.0667128027681665,2.419858694076538
1,7.31990909576416,10.253287197231835,0.7139084935188293,4.415151,1.6752941176470588,2.6354482,10.961437225341797,3.7337024221453285,2.9358088970184326
0,3.0927913188934326,0.13896193771626297,22.256391525268555,2.156424,0.36262975778546713,5.946627,0.6174574494361877,0.18567474048442906,3.325479030609131
1,10.124330520629883,4.883044982698962,2.073364019393921,4.034563,0.7851903114186851,5.138325,9.232821464538574,2.2429065743944636,4.116453647613525
0,5.07509708404541,1.6542560553633219,3.0679028034210205,0.8885017,0.1530795847750865,5.8041816,0.8144303560256958,0.2898961937716263,2.8093862533569336
0,13.1297607421875,0.045397923875432525,289.21502685546875,0.7986147,0.0680968858131488,11.727625,0.5856515169143677,0.16373702422145328,3.5767810344696045
0,16.44452667236328,0.47169550173010383,34.862586975097656,1.0975915,0.16581314878892733,6.619448,0.5856505036354065,0.1715051903114187,3.4147684574127197
1,8.658659934997559,7.352249134948097,1.1776885986328125,7.204765,2.1608304498269897,3.3342574,10.563338279724121,4.409134948096886,2.395784854888916
0,3.421121120452881,0.4318339100346021,7.92230749130249,1.4488006,0.25868512110726644,5.6006336,1.0975909233093262,0.44359861591695504,2.4742884635925293
1,7.1211676597595215,3.9064359861591695,1.8229321241378784,4.5292406,1.9155709342560554,2.3644338,10.801819801330566,3.3874048442906575,3.1888186931610107
1,10.914921760559082,10.138131487889273,1.0766206979751587,4.790653,1.607750865051903,2.9797235,10.587127685546875,3.2952249134948097,3.212869644165039
1,5.259955406188965,3.0294809688581315,1.7362563610076904,4.791688,1.9587543252595156,2.4462936,7.826604843139648,2.1946020761245673,3.566298007965088
1,5.5130767822265625,4.617301038062283,1.1940041780471802,3.4721124,0.9552941176470588,3.6346004,7.0569915771484375,2.6383391003460206,2.674785614013672
1,7.049757480621338,4.75681660899654,1.4820326566696167,4.483953,1.3469896193771627,3.3288698,9.122791290283203,2.255501730103806,4.044683933258057
1,7.405091285705566,7.491764705882353,0.9884308576583862,5.9087896,2.2577162629757788,2.6171534,7.887216567993164,3.0770934256055362,2.5632035732269287
1,4.6490678787231445,3.693840830449827,1.2585999965667725,4.5815086,1.7871280276816608,2.5636153,10.655780792236328,2.9273356401384083,3.6400952339172363
1,4.6201701164245605,2.719446366782007,1.6989377737045288,3.2891123,1.0247750865051903,3.2095945,4.083447456359863,1.3536332179930797,3.0166573524475098
0,10.366005897521973,1.5058823529411764,6.883675575256348,1.9434782,0.25370242214532873,7.6604633,1.078704833984375,0.17432525951557093,6.1878862380981445
0,10.366005897521973,1.4599307958477508,7.100340843200684,1.9434782,0.25079584775086505,7.749244,1.0654847621917725,0.1714878892733564,6.2131781578063965
1,2.8382978439331055,0.7529411764705882,3.7696142196655273,3.0577664,0.909204152249135,3.3631241,3.1688451766967773,0.6986851211072664,4.535440921783447
1,7.7309489250183105,5.013702422145329,1.541964054107666,4.914492,1.9698269896193772,2.4948852,10.62187671661377,3.1072664359861593,3.4183990955352783
1,8.073692321777344,5.057993079584775,1.5962245464324951,4.74084,2.08,2.2792501,9.858786582946777,3.980069204152249,2.477039098739624
1,10.578019142150879,5.350311418685121,1.977084755897522,4.888033,1.3386851211072663,3.6513686,9.168121337890625,2.3521107266435988,3.897827386856079
0,6.5281572341918945,3.1269204152249137,2.0877273082733154,0.678692,0.0772318339100346,8.787724,1.0654858350753784,0.25771626297577854,4.134336948394775
0,3.0927913188934326,0.14034602076124567,22.036901473999023,2.156424,0.3593079584775086,6.001604,0.7002754211425781,0.23100346020761245,3.031449794769287
1,7.072539329528809,6.096608996539793,1.1600775718688965,4.455255,1.1952941176470588,3.7273295,10.956911087036133,3.262006920415225,3.35894775390625
0,6.643185615539551,2.261038062283737,2.938113212585449,0.678692,0.07799307958477508,8.701951,0.6921331286430359,0.1701038062283737,4.068886756896973
1,4.000166893005371,1.8137024221453286,2.2055253982543945,4.3569865,1.1424221453287198,3.8138146,9.836263656616211,2.2571626297577856,4.357800483703613
1,7.02710485458374,5.573979238754325,1.2606980800628662,4.045788,1.3683044982698962,2.956789,11.486302375793457,2.848719723183391,4.032092571258545
0,9.6719970703125,1.3253979238754325,7.297428607940674,1.9434782,0.24802768166089964,7.835731,1.0608189105987549,0.17003460207612456,6.238841533660889
0,12.516331672668457,1.4494117647058824,8.635456085205078,0.9881909,0.07515570934256055,13.14858,0.741560697555542,0.21764705882352942,3.4071707725524902
0,16.97393798828125,1.648719723183391,10.2952241897583,1.4992793,0.1907266435986159,7.8608804,1.3368682861328125,0.3856055363321799,3.4669322967529297
0,13.36661434173584,1.8048442906574393,7.405965328216553,1.1123413,0.13391003460207612,8.306632,0.826522171497345,0.23173010380622838,3.5667450428009033
0,16.599451065063477,0.7972318339100346,20.821359634399414,1.112342,0.17301038062283736,6.429337,0.5856505036354065,0.1715051903114187,3.4147684574127197
1,4.002645492553711,2.2809688581314878,1.75480055809021,3.7620695,0.7576470588235295,4.9654646,8.913135528564453,1.974809688581315,4.5134148597717285
1,8.465315818786621,12.921799307958478,0.6551189422607422,5.012859,1.7572318339100346,2.8527021,11.123990058898926,4.198754325259515,2.649354934692383
1,8.040093421936035,3.1756401384083044,2.5318024158477783,4.3308845,0.8822145328719723,4.909106,9.384393692016602,2.3529411764705883,3.9883670806884766
0,6.91436243057251,3.1413148788927336,2.2011044025421143,0.9113376,0.0744636678200692,12.238688,1.0654858350753784,0.24581314878892735,4.334535598754883
1,2.59081768989563,0.938961937716263,2.7592360973358154,3.3575604,0.6770934256055363,4.9587846,7.848757743835449,1.7777162629757786,4.415079116821289
0,11.264274597167969,1.4981314878892733,7.5188822746276855,1.0601505,0.1750173010380623,6.057404,0.8460120558738708,0.32598615916955015,2.5952394008636475
0,16.572959899902344,1.9111418685121107,8.671757698059082,1.011578,0.15667820069204152,6.456405,0.8535177707672119,0.2947750865051903,2.8954880237579346
0,18.686939239501953,2.5622145328719723,7.293276309967041,0.5952523,0.10698961937716263,5.563645,1.169485330581665,0.2232179930795848,5.2392072677612305
1,6.786919593811035,3.99280276816609,1.6997883319854736,4.656379,1.0889965397923875,4.275844,9.836262702941895,2.88,3.4153687953948975
1,8.365189552307129,5.79764705882353,1.442859411239624,3.8174202,0.9140484429065744,4.1763873,10.094257354736328,2.4016608996539794,4.20303201675415
0,16.535804748535156,0.36207612456747407,45.66941452026367,0.8359008,0.10408304498269896,8.031095,0.8256640434265137,0.2693425605536332,3.065479278564453
1,6.411615371704102,3.22878892733564,1.9857648611068726,1.1231194,0.20269896193771628,5.5408244,2.4167542457580566,0.7249480968858132,3.333692789077759
1,8.4246187210083,7.724290657439447,1.0906656980514526,4.9617057,2.0761245674740483,2.389888,8.928149223327637,3.9540484429065743,2.257976770401001
1,10.594352722167969,7.86159169550173,1.3476091623306274,4.536743,1.355847750865052,3.3460565,12.684879302978516,3.575363321799308,3.5478572845458984
0,13.787717819213867,0.3875432525951557,35.57723617553711,0.90509605,0.15501730103806227,5.838678,0.8584862947463989,0.13204152249134948,6.501638412475586
0,18.686939239501953,2.4249134948096884,7.7062296867370605,0.5952523,0.11195501730103806,5.316888,1.4096300601959229,0.2721107266435986,5.180354595184326
0,13.290745735168457,1.6586851211072664,8.01282024383545,1.4146477,0.14103806228373703,10.030255,0.7002758979797363,0.21186851211072663,3.3052382469177246
0,13.328973770141602,1.7206920415224913,7.746286869049072,1.1123413,0.13391003460207612,8.306632,0.826522171497345,0.22678200692041522,3.644566774368286
0,12.563349723815918,0.28346020761245677,44.321388244628906,0.9313367,0.17858131487889273,5.215197,1.033752679824829,0.3543252595155709,2.917524576187134
1,4.644036293029785,1.9255363321799308,2.4118144512176514,1.8261739,0.5074048442906575,3.599047,4.005830764770508,1.5357785467128027,2.6083388328552246
0,14.789304733276367,0.7020069204152249,21.067176818847656,0.88610625,0.1665051903114187,5.3217936,1.0358082056045532,0.31044982698961937,3.336475372314453
1,6.402767181396484,3.4181314878892732,1.8731775283813477,4.049465,1.3223529411764705,3.062318,10.227396965026855,4.339653979238754,2.3567309379577637
1,6.8708720207214355,4.322768166089966,1.589461088180542,3.2744284,0.7435294117647059,4.4038987,13.303055763244629,3.846643598615917,3.4583539962768555
1,7.909914970397949,14.93923875432526,0.5294724106788635,4.669752,1.3896193771626297,3.360454,10.206311225891113,2.8899653979238753,3.5316379070281982
0,8.687664985656738,0.02657439446366782,326.91864013671875,0.52436256,0.10557093425605536,4.966922,1.033752679824829,0.374878892733564,2.7575645446777344
0,17.126598358154297,2.71280276816609,6.313248157501221,1.5766883,0.18847750865051904,8.365393,1.1821417808532715,0.3933044982698962,3.0056655406951904
1,8.416960716247559,7.425328719723184,1.1335471868515015,4.692763,1.815363321799308,2.5850267,9.002922058105469,3.84,2.344511032104492
1,8.756564140319824,4.57522491349481,1.9139089584350586,4.874095,1.1858823529411764,4.1101,11.54267692565918,3.2221453287197233,3.5822956562042236
1,7.996522426605225,6.621453287197232,1.2076687812805176,4.109742,1.3242906574394464,3.1033537,10.227396011352539,2.6602076124567473,3.84458589553833
1,7.648377895355225,3.775778546712803,2.0256426334381104,4.154503,1.2188235294117646,3.4086173,10.298104286193848,2.928719723183391,3.5162477493286133
1,6.042910099029541,3.5454671280276817,1.7044044733047485,5.105863,1.6382006920415224,3.1167507,9.939107894897461,2.5674740484429064,3.871161937713623
1,9.448511123657227,5.168719723183391,1.8280177116394043,4.8523836,1.4715570934256055,3.2974484,11.543474197387695,3.1828373702422144,3.6267871856689453
1,7.093050003051758,7.511695501730104,0.9442675113677979,4.6490703,2.0376470588235294,2.2815876,9.754585266113281,3.7519723183391003,2.5998551845550537
0,3.574091672897339,0.48719723183391006,7.336026191711426,1.392941,0.2552249134948097,5.4577,1.1117050647735596,0.17494809688581314,6.354485034942627
0,7.534115791320801,2.783667820069204,2.706542730331421,0.5892697,0.07868512110726644,7.48896,1.162800908088684,0.2579930795847751,4.507101058959961
0,6.384701728820801,1.0131487889273356,6.301840305328369,1.0487266,0.14325259515570934,7.320821,0.4548919200897217,0.07017301038062283,6.482434272766113
1,7.200437068939209,3.0316955017301037,2.3750526905059814,4.0086617,0.9262283737024222,4.327941,11.284639358520508,2.541176470588235,4.440714359283447
1,7.948880672454834,8.508235294117647,0.9342573285102844,5.3339386,1.9244290657439447,2.7716992,9.616225242614746,3.04719723183391,3.1557605266571045
0,13.290266036987305,1.6232525951557093,8.187429428100586,1.5522277,0.1736332179930796,8.939693,0.6941775679588318,0.21046712802768167,3.2982707023620605
1,8.169499397277832,11.234325259515572,0.7271909117698669,4.3413434,1.5092041522491348,2.8765779,11.238388061523438,4.049273356401384,2.7754085063934326
0,8.5023193359375,0.05647058823529412,150.56190490722656,0.5120553,0.0956401384083045,5.353979,1.033752679824829,0.3720415224913495,2.778594970703125
0,8.687664985656738,0.036539792387543256,237.75900268554688,0.4908581,0.09494809688581315,5.1697516,1.060150384902954,0.3628373702422145,2.9218335151672363
1,7.22244930267334,4.154463667820069,1.7384792566299438,5.0721645,1.9698269896193772,2.574929,9.721765518188477,3.2130103806228374,3.025749921798706
1,8.489558219909668,6.302560553633218,1.347001552581787,4.656379,0.9777162629757785,4.7625055,9.33836841583252,2.2294809688581316,4.188583850860596
1,7.666053771972656,3.0516262975778545,2.5121207237243652,4.506654,1.4973010380622838,3.0098517,10.061347961425781,3.2448442906574395,3.1007182598114014
1,5.169175148010254,1.2777854671280278,4.045417308807373,4.082928,1.1958477508650518,3.4142542,10.037089347839355,2.525674740484429,3.97402286529541
1,7.951732635498047,4.413564013840831,1.8016579151153564,3.5796394,0.8149480968858132,4.3924756,8.549944877624512,1.7500346020761246,4.885586261749268
1,6.539002418518066,10.222283737024222,0.6396812200546265,4.978102,2.0711418685121106,2.4035544,10.888073921203613,3.9961245674740486,2.724658250808716
1,4.464946746826172,1.9864359861591696,2.2477173805236816,3.175323,0.932318339100346,3.4058356,3.7262990474700928,1.0651903114186851,3.4982471466064453
1,4.62216329574585,7.051072664359862,0.6555262804031372,5.001536,1.3309342560553634,3.7579136,10.265710830688477,2.6253287197231834,3.910257339477539
1,4.299354076385498,2.4382006920415225,1.7633306980133057,3.8749049,1.5916955017301038,2.434451,7.001339912414551,1.9227681660899654,3.6412813663482666
1,8.742227554321289,6.466435986159169,1.351939082145691,4.4990997,1.4078892733564015,3.1956346,10.326897621154785,3.1833910034602075,3.243992805480957
0,15.113923072814941,0.3089273356401384,48.92387771606445,0.88610625,0.15806228373702422,5.6060576,1.0358082056045532,0.2935640138408305,3.5283894538879395
1,8.89307689666748,4.608442906574394,1.929735779762268,4.9731174,3.100899653979239,1.603766,11.820517539978027,6.268235294117647,1.8857808113098145
0,13.440472602844238,1.3973702422145329,9.61840534210205,1.6170719,0.16664359861591696,9.7037735,0.8885026574134827,0.26858131487889275,3.3081328868865967
1,1.8109759092330933,0.2382006920415225,7.602731227874756,4.5646186,1.0873356401384082,4.197985,9.263089179992676,2.1464359861591698,4.315567493438721
1,10.163938522338867,3.751418685121107,2.7093586921691895,4.048591,1.1515570934256056,3.5157537,9.079812049865723,2.2782006920415223,3.9855191707611084
1,8.621915817260742,3.930795847750865,2.193427562713623,4.7490535,1.0762629757785467,4.41254,11.483341217041016,2.347681660899654,4.891353607177734
1,8.006176948547363,9.8480276816609,0.8129726648330688,4.2596107,1.5186159169550173,2.8049295,10.995647430419922,3.8438754325259517,2.860562801361084
1,6.539002895355225,2.909896193771626,2.2471601963043213,4.2031717,1.7865743944636678,2.352643,,,
1,5.47852087020874,4.171072664359862,1.3134561777114868,3.6192129,1.096470588235294,3.3007843,8.513313293457031,2.1946020761245673,3.8792059421539307
0,14.77669906616211,0.667681660899654,22.13135528564453,0.88610625,0.16228373702422144,5.4602284,1.0358082056045532,0.3047750865051903,3.3985986709594727
1,4.315476894378662,4.238615916955017,1.018133521080017,3.7011094,1.9869896193771626,1.8626717,6.719552040100098,2.9907266435986157,2.246795654296875
1,7.650508880615234,3.749204152249135,2.0405688285827637,5.6501946,3.18560553633218,1.7736642,9.123103141784668,4.98159169550173,1.8313630819320679
1,10.621875762939453,6.433217993079585,1.651098370552063,6.210851,4.968858131487889,1.2499554,9.388923645019531,4.450103806228373,2.109821319580078
1,9.192207336425781,8.140622837370243,1.1291773319244385,4.233411,1.1842214532871973,3.5748472,10.404356002807617,2.621453287197232,3.9689266681671143
1,3.75905442237854,5.463806228373702,0.6879919171333313,4.2461147,2.9408996539792387,1.4438149,7.14401912689209,3.660622837370242,1.9515856504440308
0,7.565560340881348,4.375916955017301,1.7289085388183594,0.95981497,0.27792387543252595,3.4535174,0.4292421340942383,0.08645328719723183,4.965017795562744
0,10.975910186767578,2.8567474048442905,3.8421003818511963,1.1449904,0.3006228373702422,3.8087273,0.9097825884819031,0.33660899653979237,2.702787399291992
1,10.142721176147461,6.621453287197232,1.5317968130111694,4.8401003,1.5136332179930796,3.1976705,9.650652885437012,2.9325951557093424,3.290823221206665
1,3.992185592651367,2.3939100346020763,1.66764235496521,4.158253,0.9807612456747404,4.2398224,8.269765853881836,2.4271280276816607,3.4072227478027344
1,8.37374210357666,6.951418685121107,1.2046090364456177,5.0072002,2.275432525951557,2.2005486,9.142733573913574,4.183252595155709,2.185556173324585
0,6.606388568878174,2.7659515570934254,2.3884685039520264,1.2965018,0.3628373702422145,3.573231,0.45333030819892883,0.06730103806228374,6.735859394073486
1,6.905028343200684,5.312664359861592,1.299729824066162,4.0086603,1.1321799307958478,3.5406563,10.39910888671875,2.9674740484429067,3.504364013671875
0,3.337024211883545,0.42131487889273356,7.920499801635742,1.4335573,0.2664359861591695,5.380494,1.0439847707748413,0.14173010380622839,7.366005897521973
0,10.920048713684082,1.6243598615916954,6.722678184509277,0.54295367,0.07017301038062283,7.7373576,0.826522171497345,0.18422145328719725,4.486568450927734
1,5.77817964553833,5.910588235294117,0.9775980710983276,4.002999,1.91280276816609,2.0927398,7.202503204345703,3.4687889273356403,2.076374053955078
1,9.08418083190918,4.987128027681661,1.8215254545211792,4.664894,1.6431833910034601,2.838937,11.202958106994629,3.9839446366782005,2.8120265007019043
1,7.258954048156738,12.753494809688581,0.5691736936569214,4.525483,1.4654671280276816,3.0880823,10.16923713684082,3.145743944636678,3.2326972484588623
0,7.565560340881348,4.358200692041523,1.7359367609024048,0.86669993,0.23737024221453287,3.6512578,0.7501115798950195,0.25301038062283737,2.9647462368011475
1,5.795813083648682,4.176608996539793,1.3876838684082031,3.6025312,1.953771626297578,1.8438855,8.886380195617676,3.2647750865051903,2.7218966484069824
1,4.041583061218262,1.4173010380622837,2.851605176925659,4.6344123,1.1678892733564015,3.968195,9.222376823425293,1.8770934256055363,4.913115501403809
1,7.944332122802734,3.173425605536332,2.5033931732177734,3.7323785,0.8417993079584775,4.43381,6.178018569946289,1.6257439446366782,3.8001177310943604
1,7.136078834533691,9.469342560553633,0.753598153591156,3.8944232,1.070726643598616,3.637178,10.474411010742188,3.375501730103806,3.1030678749084473
1,8.68986701965332,4.491072664359861,1.9349201917648315,4.559648,1.2013840830449827,3.795329,9.795472145080566,2.6438754325259515,3.704967498779297
0,5.377339839935303,0.8907958477508651,6.036557197570801,1.525519,0.3698961937716263,4.1241813,1.0500764846801758,0.32173010380622835,3.263842821121216
1,3.84663724899292,5.1797923875432526,0.7426238059997559,3.1099286,0.7069896193771626,4.398832,8.513314247131348,1.9493425605536332,4.367274284362793
1,8.254413604736328,5.573979238754325,1.4808833599090576,4.158253,1.6844290657439447,2.4686425,5.973675727844238,2.429896193771626,2.4584078788757324
0,5.325162410736084,1.1382698961937716,4.678295135498047,1.3453233,0.30546712802768167,4.404151,1.0412664413452148,0.3075432525951557,3.385756254196167
1,7.977269172668457,4.309480968858131,1.8510973453521729,3.7816083,1.8283737024221454,2.0682907,8.638995170593262,4.405813148788927,1.9608173370361328
0,13.167325019836426,0.018823529411764704,699.51416015625,0.7986147,0.0680968858131488,11.727625,0.4001942276954651,0.07937716262975779,5.041679859161377
1,6.292579650878906,1.9986159169550173,3.1484687328338623,4.3881035,1.0629757785467129,4.1281314,9.301567077636719,2.1627681660899656,4.300769329071045
1,4.926588535308838,1.8413840830449828,2.6754813194274902,4.161831,0.42602076124567473,9.76908,9.096108436584473,2.0955017301038064,4.340778350830078
1,6.751535415649414,3.7182006920415227,1.8158071041107178,4.6563807,1.4222837370242214,3.273876,9.60472297668457,3.614809688581315,2.657047986984253
0,12.563349723815918,0.8636678200692042,14.54650592803955,0.89486015,0.17006920415224913,5.261741,1.033752679824829,0.36069204152249135,2.866025686264038
0,5.068389892578125,1.61439446366782,3.1394991874694824,1.0115784,0.13889273356401385,7.2831626,0.8820985555648804,0.3146020761245675,2.8038549423217773
1,8.083955764770508,4.920692041522491,1.642849326133728,4.9353566,1.488719723183391,3.3151684,10.511691093444824,2.941453287197232,3.573638677597046
0,5.07509708404541,1.7062975778546712,2.974332809448242,0.8885017,0.15162629757785467,5.8598123,0.8144303560256958,0.2898961937716263,2.8093862533569336
1,5.7126851081848145,2.142560553633218,2.6662888526916504,4.7599344,1.0585467128027681,4.4966693,10.039630889892578,3.01757785467128,3.327049493789673
1,9.339885711669922,7.998892733564014,1.167647361755371,4.775392,1.2146712802768167,3.9314275,10.655181884765625,2.9530795847750864,3.608159303665161
0,2.9027323722839355,0.35294117647058826,8.224408149719238,1.5829688,0.4336332179930796,3.6504788,0.7270859479904175,0.2204152249134948,3.298710346221924
0,11.949368476867676,1.453840830449827,8.219172477722168,1.0975913,0.2154325259515571,5.094826,0.8083158731460571,0.19418685121107265,4.162567615509033
1,5.84742546081543,6.715570934256055,0.870726466178894,4.577796,2.052318339100346,2.2305486,11.73006534576416,4.502006920415225,2.6055190563201904
0,18.55404281616211,2.3806228373702423,7.793776512145996,0.5952523,0.1105363321799308,5.385128,1.287727952003479,0.22958477508650518,5.608943462371826
0,5.07509708404541,1.642076124567474,3.0906589031219482,0.8885017,0.14602076124567473,6.084763,0.8144303560256958,0.2884429065743945,2.8235409259796143
1,6.718708515167236,7.268096885813149,0.9244109392166138,4.0058317,1.599446366782007,2.5045114,9.216226577758789,3.012318339100346,3.0595128536224365
1,6.596941947937012,3.751418685121107,1.7585192918777466,4.5232906,1.0961937716262975,4.1263604,10.654383659362793,2.732733564013841,3.898800849914551
1,7.843067169189453,4.984913494809689,1.573360800743103,6.0444345,4.342145328719723,1.3920387,8.402128219604492,3.021176470588235,2.7810781002044678
1,6.273969650268555,2.43598615916955,2.575536012649536,4.028939,1.091764705882353,3.6902995,9.371773719787598,2.3922491349480968,3.917557716369629
0,12.756742477416992,0.3056055363321799,41.74251174926758,0.47620204,0.07865051903114187,6.0546584,0.826522171497345,0.20975778546712803,3.9403645992279053
0,15.014052391052246,0.6156401384083044,24.38770866394043,0.5064894,0.07228373702422146,7.006962,1.4992799758911133,0.7036678200692041,2.130664348602295
1,4.8238205909729,2.5146020761245675,1.9183235168457031,1.7272587,0.46477508650519034,3.7163324,4.358287334442139,1.4848442906574395,2.9351813793182373
0,3.337024211883545,0.396401384083045,8.418295860290527,1.4335573,0.2664359861591695,5.380494,1.0275644063949585,0.1346712802768166,7.630167007446289
1,3.962789297103882,3.346159169550173,1.1842799186706543,3.7318094,0.7590311418685121,4.9165435,4.100074768066406,0.8116262975778546,5.05167818069458
1,5.825448989868164,1.9388235294117646,3.0046308040618896,3.3355374,0.6433217993079585,5.184866,2.0136778354644775,0.5095328719723183,3.95200777053833
1,8.681465148925781,3.9507266435986157,2.197434902191162,4.7490535,1.0037370242214534,4.7313724,11.302270889282227,2.347681660899654,4.814226150512695
1,6.7021284103393555,3.388235294117647,1.9780586957931519,4.326956,1.0945328719723184,3.9532444,9.232207298278809,2.051764705882353,4.499642372131348
1,5.7057342529296875,3.680553633217993,1.550238013267517,4.0058303,1.5468512110726644,2.5896676,9.115565299987793,3.7544636678200694,2.4279274940490723
1,6.697473049163818,12.073633217993079,0.5547189712524414,4.1667657,1.9299653979238753,2.1589847,11.076170921325684,4.420207612456747,2.505803346633911
0,16.164316177368164,0.16387543252595155,98.63782501220703,1.3095549,0.3260899653979239,4.015931,1.1300392150878906,0.24442906574394463,4.623178482055664
0,13.787717819213867,0.08415224913494809,163.842529296875,0.9939112,0.16083044982698963,6.1798697,0.9620279669761658,0.15889273356401384,6.054574966430664
1,4.112499237060547,0.9821453287197232,4.187261581420898,3.955809,0.9843598615916955,4.0186615,7.007309913635254,1.5396539792387542,4.5512237548828125
0,15.207221031188965,0.29121107266435986,52.22061538696289,0.88610625,0.16934256055363323,5.232626,1.0358082056045532,0.3180622837370242,3.2566206455230713
0,3.1249334812164307,0.39474048442906573,7.916424751281738,1.5658641,0.4105190311418685,3.814352,0.7941663861274719,0.2714186851211073,2.925982713699341
0,16.572959899902344,2.25439446366782,7.3514018058776855,1.011578,0.16228373702422144,6.233391,0.8535177707672119,0.2947750865051903,2.8954880237579346
1,6.33657169342041,3.4391695501730104,1.8424713611602783,3.8040295,0.9962629757785467,3.8182986,9.401594161987305,2.196262975778547,4.2807230949401855
0,12.480326652526855,0.29453287197231837,42.373291015625,0.9313367,0.17858131487889273,5.215197,1.033752679824829,0.34865051903114186,2.9650111198425293
1,5.552525997161865,2.859515570934256,1.9417715072631836,4.133126,1.2429065743944636,3.3253713,8.727136611938477,2.485259515570934,3.51155948638916
1,6.318653106689453,2.5400692041522492,2.487591028213501,4.5559154,1.100069204152249,4.141481,9.391111373901367,2.3710726643598616,3.9607014656066895
1,4.485691070556641,1.2489965397923875,3.5914361476898193,2.540269,0.5180622837370242,4.903404,7.147490501403809,1.616332179930796,4.4220428466796875
1,5.23009729385376,2.442629757785467,2.141174793243408,4.5041366,1.0795847750865053,4.172101,8.625203132629395,1.7439446366782008,4.94580078125
1,7.172431468963623,7.230449826989619,0.9919758439064026,4.6091137,2.1065743944636677,2.1879663,9.422601699829102,3.10477508650519,3.0348739624023438
1,6.315847396850586,2.607612456747405,2.4220805168151855,4.415151,0.9594463667820069,4.6017694,,,
0,15.98116397857666,0.23695501730103807,67.4438705444336,1.3095549,0.33356401384083045,3.925948,1.1300392150878906,0.25993079584775086,4.347462177276611
0,10.920048713684082,1.4804152249134948,7.376341819763184,0.6702874,0.1701038062283737,3.940461,1.1628001928329468,0.23529411764705882,4.941900730133057
1,6.71142578125,7.664498269896193,0.8756510019302368,3.7163951,1.7301038062283738,2.1480763,10.078518867492676,3.5028373702422146,2.877244234085083
1,5.124704360961914,1.7760553633217993,2.885441780090332,3.6354272,0.7817301038062284,4.650489,10.20679759979248,3.097439446366782,3.2952370643615723
1,9.249998092651367,6.382283737024221,1.449324131011963,5.477614,2.76318339100346,1.9823563,10.703754425048828,4.433494809688582,2.414292573928833
1,6.11923885345459,4.617301038062283,1.3252848386764526,3.629966,0.8885813148788927,4.0851254,11.026989936828613,2.6388927335640138,4.178642749786377
1,10.067543983459473,8.269065743944637,1.2174947261810303,5.1383758,1.773840830449827,2.8967514,9.244327545166016,3.536608996539792,2.613895893096924
1,9.140253067016602,8.324429065743944,1.0980035066604614,5.0724435,2.08719723183391,2.4302654,9.684151649475098,4.1522491349480966,2.332266330718994
1,12.207984924316406,11.830034602076125,1.031948447227478,5.2633224,1.8217301038062284,2.8891888,10.670136451721191,3.7691349480968857,2.8309245109558105
0,13.787717819213867,0.15280276816608995,90.23212432861328,0.9939112,0.1572318339100346,6.32131,0.9620279669761658,0.15474048442906574,6.217041492462158
1,5.755568027496338,7.352249134948097,0.7828309535980225,5.7447248,2.736055363321799,2.0996375,10.537141799926758,3.8599307958477507,2.7298784255981445
0,,,,0.5647057,0.0729757785467128,7.7382627,1.097590446472168,0.019134948096885814,57.360511779785156
1,6.9215312004089355,3.3727335640138407,2.0522022247314453,4.9833665,1.4444290657439447,3.4500597,9.268824577331543,2.8700346020761245,3.2295165061950684
1,11.267105102539062,7.644567474048443,1.473870873451233,4.9179506,2.4647750865051905,1.9952939,10.968804359436035,5.270588235294118,2.081134796142578
1,5.799602508544922,2.016332179930796,2.8763129711151123,3.4413614,0.7875432525951557,4.369743,7.008825778961182,1.4208304498269897,4.932907581329346
0,11.912006378173828,1.453287197231834,8.19659423828125,1.0975913,0.2168166089965398,5.0623026,0.8083158731460571,0.2132871972318339,3.7898001670837402
1,6.349419593811035,1.7771626297577854,3.572784662246704,3.895879,0.5146020761245674,7.5706635,6.852695465087891,2.0961937716262975,3.269113540649414
0,6.780235290527344,0.5990311418685121,11.318669319152832,0.6070403,0.08076124567474048,7.51648,1.162800908088684,0.26006920415224916,4.471121311187744
1,2.9321229457855225,1.2368166089965398,2.370701313018799,3.5835967,0.7988927335640138,4.4857044,8.541484832763672,1.501453287197232,5.688811779022217
1,7.537407875061035,3.4546712802768167,2.1818017959594727,4.063442,0.9663667820069204,4.2048655,10.00037956237793,2.6336332179930797,3.79718017578125
1,6.681796550750732,3.436955017301038,1.9441035985946655,5.100587,1.9006228373702423,2.6836398,10.244427680969238,3.4505190311418685,2.9689526557922363
1,6.200917720794678,6.305882352941176,0.9833544492721558,3.9708292,1.690795847750865,2.3484972,9.306212425231934,3.173425605536332,2.932544708251953
0,12.563349723815918,0.8404152249134949,14.948979377746582,0.89486015,0.16724913494809687,5.3504624,1.033752679824829,0.3472318339100346,2.977125406265259
1,6.341267108917236,1.7926643598615917,3.537342071533203,4.2031717,0.917923875432526,4.578998,9.48900032043457,2.1749480968858133,4.362862586975098
1,3.4524636268615723,1.4184083044982698,2.4340407848358154,4.1849236,1.113356401384083,3.7588358,8.103304862976074,2.413840830449827,3.3570170402526855
0,1.4682360887527466,0.07294117647058823,20.129043579101562,0.7761137,0.08290657439446367,9.361304,0.9113380908966064,0.012041522491349481,75.6829605102539
1,7.1938395500183105,4.20318339100346,1.7115217447280884,4.5108976,1.1183391003460208,4.033569,9.302556991577148,0.9127681660899654,10.191587448120117
1,6.592428684234619,2.57439446366782,2.5607686042785645,4.4226875,1.1593079584775086,3.8149376,6.341378211975098,1.2991003460207613,4.88136100769043
0,5.374570846557617,2.595432525951557,2.0707805156707764,0.93513453,0.1346712802768166,6.94383,1.0024305582046509,0.3713494809688581,2.6994261741638184
1,9.414023399353027,9.07515570934256,1.0373401641845703,5.0072,1.6448442906574394,3.0441785,9.232208251953125,3.1546020761245677,2.926584005355835
0,6.928900718688965,2.533425605536332,2.734992742538452,0.7002754,0.12401384083044982,5.6467524,0.9598162770271301,0.3585813148788927,2.6767046451568604
0,11.214338302612305,2.3119723183391003,4.850550174713135,1.1468453,0.35570934256055364,3.224108,1.1231193542480469,0.3379930795847751,3.322906255722046
1,8.4324369430542,8.669896193771626,0.9726110696792603,5.0991964,1.703529411764706,2.9933128,8.713728904724121,2.686228373702422,3.2438526153564453
1,9.579975128173828,4.615086505190312,2.0757954120635986,4.858951,1.1692733564013842,4.1555305,10.309109687805176,2.721107266435986,3.78857159614563
1,6.726191997528076,5.673633217993079,1.18551766872406,4.0408816,1.259515570934256,3.2082825,9.638970375061035,2.720553633217993,3.543017864227295
0,11.001511573791504,2.9674740484429067,3.7073657512664795,1.1449904,0.3080968858131488,3.7163324,0.875647783279419,0.3247058823529412,2.6967415809631348
0,5.2430877685546875,0.9472664359861591,5.534965991973877,1.3342156,0.28498269896193773,4.681742,1.162800908088684,0.39259515570934256,2.961832046508789
1,7.297122955322266,3.1822837370242216,2.293045997619629,4.9388013,1.7766089965397924,2.7799034,9.926980018615723,3.0294809688581315,3.276792287826538
1,5.541668891906738,3.7890657439446365,1.4625422954559326,4.636094,1.224636678200692,3.7856894,9.526566505432129,2.649134948096886,3.596104860305786
0,6.592536449432373,2.7737024221453286,2.376800298690796,1.1627998,0.3096885813148789,3.7547393,0.4791686236858368,0.08858131487889273,5.409364223480225
1,8.97430419921875,4.003875432525952,2.2414045333862305,4.959849,2.7919723183391003,1.7764677,11.751733779907227,5.874048442906575,2.0006191730499268
1,3.3372371196746826,1.1969550173010381,2.7881057262420654,3.3355374,0.7844982698961938,4.2518096,3.2266845703125,0.725674740484429,4.446461200714111
0,13.167325019836426,0.25577854671280276,51.479393005371094,0.5746574,0.07224913494809689,7.9538302,0.9598149061203003,0.12124567474048444,7.916281700134277
1,7.9912919998168945,10.855640138408305,0.7361419200897217,5.3815546,1.73121107266436,3.108549,9.487208366394043,3.540484429065744,2.679635763168335
0,15.42647647857666,0.5979238754325259,25.800067901611328,0.63999987,0.11972318339100346,5.3456635,1.4992799758911133,0.6776470588235294,2.2124791145324707
1,8.810778617858887,10.05840830449827,0.8759614825248718,4.339875,1.5075432525951558,2.8787735,11.030652046203613,3.6340484429065745,3.0353617668151855
0,11.665487289428711,1.5457439446366783,7.5468430519104,0.2740751,0.03119377162629758,8.786212,0.7941653728485107,0.1750173010380623,4.537639141082764
0,11.949368476867676,1.5285813148788927,7.817293643951416,1.0975913,0.2352249134948097,4.6661353,0.8083158731460571,0.21474048442906574,3.7641522884368896
1,9.849581718444824,5.246228373702422,1.8774596452713013,3.7754207,1.0729411764705883,3.5187583,10.058036804199219,2.4705882352941178,4.071110248565674
1,9.386885643005371,7.784083044982699,1.2059077024459839,6.908415,3.588650519031142,1.9250731,10.003993034362793,4.705882352941177,2.1258485317230225
0,12.756742477416992,0.15501730103806227,82.2923812866211,0.47620204,0.08006920415224913,5.9473805,0.826522171497345,0.20975778546712803,3.9403645992279053
0,6.433243274688721,1.0253287197231833,6.274322509765625,1.083948,0.14034602076124567,7.723397,0.4548919200897217,0.07017301038062283,6.482434272766113
0,16.631736755371094,0.9500346020761246,17.506452560424805,1.112342,0.17301038062283736,6.429337,0.5856505036354065,0.1715051903114187,3.4147684574127197
0,7.565560340881348,4.320553633217993,1.7510626316070557,0.7002759,0.17647058823529413,3.96823,0.9050965309143066,0.2799307958477509,3.2332866191864014
0,18.568857192993164,2.455916955017301,7.56086540222168,0.5952523,0.10698961937716263,5.563645,1.287727952003479,0.23955017301038062,5.375608444213867
1,6.222136974334717,2.6950865051903112,2.3086965084075928,4.338731,1.58560553633218,2.7363243,10.233492851257324,3.450242214532872,2.9660215377807617
1,7.157398223876953,4.691487889273357,1.525613784790039,3.9902332,1.4460899653979238,2.7593257,7.514808654785156,2.038477508650519,3.686481237411499
0,11.001511573791504,2.8833217993079585,3.815568447113037,1.1449904,0.3067128027681661,3.7331028,0.875647783279419,0.3247058823529412,2.6967415809631348
1,5.828854084014893,1.6592387543252596,3.5129690170288086,4.1992936,1.4244982698961939,2.9479105,7.829230785369873,1.8397231833910035,4.255656719207764
1,8.586913108825684,6.1165397923875435,1.4038840532302856,3.990233,1.4405536332179931,2.7699301,9.081762313842773,3.262006920415225,2.78410267829895
0,5.07509708404541,1.6155017301038062,3.1414990425109863,0.8885017,0.14602076124567473,6.084763,0.8144303560256958,0.2884429065743945,2.8235409259796143
0,6.812870025634766,0.1328719723183391,51.27394485473633,0.7622942,0.0758477508650519,10.05032,1.162800908088684,0.2550865051903114,4.558456897735596
0,3.337024211883545,0.4058131487889273,8.223055839538574,1.4488006,0.2671280276816609,5.423619,1.0975909233093262,0.44359861591695504,2.4742884635925293
1,5.979367733001709,4.04484429065744,1.4782689809799194,4.7329097,1.7705190311418686,2.6731765,10.52105712890625,3.2088581314878892,3.278754234313965
1,7.595568656921387,3.3417301038062286,2.272944927215576,4.453506,1.0142560553633218,4.390909,10.441546440124512,2.665190311418685,3.9177489280700684
1,4.474301815032959,1.3575086505190312,3.2959656715393066,3.6192117,0.862560553633218,4.195893,7.196893692016602,1.7397923875432526,4.136639595031738
0,17.126598358154297,2.635294117647059,6.498932361602783,1.5766883,0.18356401384083046,8.589311,1.1821417808532715,0.3933044982698962,3.0056655406951904
1,5.441270351409912,2.8611764705882354,1.9017597436904907,3.5629718,1.3768858131487889,2.5877032,8.802088737487793,2.2787543252595155,3.862675666809082
1,5.396283149719238,9.746159169550173,0.5536830425262451,4.427813,1.0303114186851212,4.2975483,,,
1,5.156547546386719,5.87681660899654,0.8774389028549194,4.2382617,1.4355709342560554,2.9523177,10.214640617370605,3.080415224913495,3.3159947395324707
1,8.668721199035645,9.611072664359861,0.9019514918327332,4.823821,1.7755017301038063,2.7168777,9.909833908081055,2.7991695501730103,3.540276527404785
0,6.631120681762695,3.1191695501730106,2.125925064086914,0.9113376,0.0956401384083045,9.528819,1.0962985754013062,0.21231833910034603,5.163465976715088
1,6.250092506408691,3.6694809688581316,1.703263282775879,4.8248487,1.871833910034602,2.577605,8.117286682128906,3.187820069204152,2.546344041824341
1,5.181636333465576,4.685951557093426,1.1057809591293335,3.9358735,1.5911418685121108,2.473616,11.159797668457031,3.97038062283737,2.810762643814087
1,8.526705741882324,3.6362629757785467,2.3449089527130127,4.2421074,1.7002076124567473,2.4950526,8.442095756530762,2.3341176470588234,3.6168253421783447
0,17.08902931213379,2.6319723183391,6.492860794067383,1.1474637,0.16442906574394464,6.978472,1.2193230390548706,0.38550173010380623,3.1629507541656494
1,5.404025554656982,2.4581314878892733,2.198428153991699,4.0387764,0.89439446366782,4.5156546,10.401086807250977,2.912110726643599,3.5716657638549805
1,6.522509574890137,4.819930795847751,1.3532371520996094,4.2542834,1.725121107266436,2.466078,9.40912914276123,2.7310726643598615,3.445213794708252
0,,,,0.79416573,0.18778546712802768,4.2291117,0.9766490459442139,0.41100346020761247,2.3762550354003906
1,8.087812423706055,7.757508650519031,1.0425785779953003,4.2396016,1.2996539792387543,3.2621002,8.285260200500488,2.6347404844290656,3.144620895385742
1,4.675516128540039,2.7449134948096887,1.7033381462097168,4.016079,1.568166089965398,2.5610034,7.478226184844971,2.724982698961938,2.7443206310272217
0,,,,0.79416573,0.18705882352941178,4.24554,0.9766490459442139,0.41242214532871974,2.3680808544158936
0,15.523193359375,0.4340484429065744,35.76373291015625,0.63999987,0.11972318339100346,5.3456635,1.4992799758911133,0.6726643598615917,2.228868007659912
1,2.241502046585083,1.022006920415225,2.1932358741760254,3.6705408,0.7053287197231833,5.2040143,8.15404224395752,1.7580622837370241,4.638084888458252
1,11.762101173400879,7.952387543252595,1.4790654182434082,4.7408395,1.2135640138408303,3.9065425,10.15019416809082,2.4719723183391005,4.106111526489258
0,3.2035410404205322,0.16,20.022132873535156,1.3352768,0.218961937716263,6.098214,0.6174574494361877,0.1885121107266436,3.275425910949707
1,4.969554901123047,3.541038062283737,1.4034175872802734,5.2438993,2.4786159169550173,2.1156561,11.195426940917969,2.8091349480968857,3.9853646755218506
1,4.505709171295166,1.7444982698961937,2.582810878753662,4.073022,1.1474048442906575,3.549769,7.400017261505127,2.192387543252595,3.375323534011841
1,8.659151077270508,4.580761245674741,1.8903300762176514,4.415151,1.833910034602076,2.407507,11.160305976867676,3.450795847750865,3.2341251373291016
0,11.813260078430176,1.619930795847751,7.292447566986084,0.2867119,0.03332179930795848,8.604335,0.7941653728485107,0.17785467128027682,4.465249061584473
1,7.682675838470459,2.915432525951557,2.6351754665374756,4.3387327,1.4571626297577855,2.9775212,10.041677474975586,2.763737024221453,3.6333694458007812
